{
	"@metadata": {
		"authors": [
			"1917 Ekim Devrimi",
			"Mirzali"
		]
	},
	"ep_adminpads2_action": "Hereketi",
	"ep_adminpads2_autoupdate-label": "Vurnayışanê pedi otomatik rocane kerê",
	"ep_adminpads2_autoupdate.title": "Persê mewcudi rê rocaneyışanê otomatika aktiv ke ya zi dewrê ra vecê",
	"ep_adminpads2_confirm": "Şıma qayılê pedê {{padID}} bıesternê?",
	"ep_adminpads2_delete.value": "Bestere",
	"ep_adminpads2_last-edited": "Vurnayışo peyên",
	"ep_adminpads2_loading": "Bar beno...",
	"ep_adminpads2_manage-pads": "Pedan idare kerê",
	"ep_adminpads2_no-results": "Netice çıniyo",
	"ep_adminpads2_pad-user-count": "Amarê karberanê pedi",
	"ep_adminpads2_padname": "Padname",
	"ep_adminpads2_search-box.placeholder": "termê cıgêrayış",
	"ep_adminpads2_search-button.value": "Cı geyre",
	"ep_adminpads2_search-done": "Cıgeyrayışi temam",
	"ep_adminpads2_search-error-explanation": "Server cıgeyrayışê pedan de yew xetaya raşt ame",
	"ep_adminpads2_search-error-title": "Lista pedi nêgêriye",
	"ep_adminpads2_search-heading": "Pedan cıgeyrayış",
	"ep_adminpads2_title": "İdarey pedi",
	"ep_adminpads2_unknown-error": "Xetaya nêzanıtiye",
	"ep_adminpads2_unknown-status": "Weziyeto nêzanaye"
}
