{
	"@metadata": {
		"authors": [
			"Duke of Wikipädia",
			"Eduardo Addad de Oliveira",
			"Eduardoaddad",
			"YuriNikolai"
		]
	},
	"ep_adminpads2_action": "Ação",
	"ep_adminpads2_autoupdate-label": "Atualizar notas automaticamente",
	"ep_adminpads2_autoupdate.title": "Habilita ou desabilita atualizações automáticas para a consulta atual.",
	"ep_adminpads2_confirm": "Você realmente deseja excluir a nota {{padID}}?",
	"ep_adminpads2_delete.value": "Excluir",
	"ep_adminpads2_last-edited": "Última edição",
	"ep_adminpads2_loading": "Carregando…",
	"ep_adminpads2_manage-pads": "Gerenciar notas",
	"ep_adminpads2_no-results": "Sem resultados",
	"ep_adminpads2_pad-user-count": "Número de utilizadores na nota",
	"ep_adminpads2_padname": "Nome da nota",
	"ep_adminpads2_search-box.placeholder": "Termo de pesquisa",
	"ep_adminpads2_search-button.value": "Pesquisar",
	"ep_adminpads2_search-done": "Busca completa",
	"ep_adminpads2_search-error-explanation": "O servidor encontrou um erro enquanto procurava por notas:",
	"ep_adminpads2_search-error-title": "Falha ao buscar lista de notas",
	"ep_adminpads2_search-heading": "Pesquisar por notas",
	"ep_adminpads2_title": "Administração de notas",
	"ep_adminpads2_unknown-error": "Erro desconhecido",
	"ep_adminpads2_unknown-status": "Status desconhecido"
}
