{
	"@metadata": {
		"authors": [
			"Guilha"
		]
	},
	"ep_adminpads2_action": "Ação",
	"ep_adminpads2_autoupdate-label": "Atualizar automaticamente as notas",
	"ep_adminpads2_autoupdate.title": "Ativa ou desativa atualizações automáticas na consulta atual.",
	"ep_adminpads2_confirm": "Tencionas mesmo eliminar a nota {{padID}}?",
	"ep_adminpads2_delete.value": "Eliminar",
	"ep_adminpads2_last-edited": "Última edição",
	"ep_adminpads2_loading": "A carregar...",
	"ep_adminpads2_manage-pads": "Gerir notas",
	"ep_adminpads2_no-results": "Sem resultados",
	"ep_adminpads2_pad-user-count": "Número de utilizadores na nota",
	"ep_adminpads2_padname": "Nome da nota",
	"ep_adminpads2_search-box.placeholder": "Procurar termo",
	"ep_adminpads2_search-button.value": "Procurar",
	"ep_adminpads2_search-done": "Procura completa",
	"ep_adminpads2_search-error-explanation": "O servidor encontrou um erro enquanto procurava por notas:",
	"ep_adminpads2_search-error-title": "Falha ao obter lista de notas",
	"ep_adminpads2_search-heading": "Procurar por notas",
	"ep_adminpads2_title": "Administração da nota",
	"ep_adminpads2_unknown-error": "Erro desconhecido",
	"ep_adminpads2_unknown-status": "Estado desconhecido"
}
