{
	"@metadata": {
		"authors": [
			"Yupik"
		]
	},
	"ep_adminpads2_delete.value": "Jaukkâd",
	"ep_adminpads2_last-edited": "Mââimõssân muttum",
	"ep_adminpads2_no-results": "Ij käunnʼjam ni mii",
	"ep_adminpads2_padname": "Mošttʼtõspõʹmmai nõmm",
	"ep_adminpads2_search-box.placeholder": "Ooccâmsääʹnn",
	"ep_adminpads2_search-button.value": "Ooʒʒ",
	"ep_adminpads2_search-heading": "Ooʒʒ mošttʼtõspõʹmmjid",
	"ep_adminpads2_unknown-error": "Toobdteʹmes vââʹǩǩ",
	"ep_adminpads2_unknown-status": "Toobdteʹmes status"
}
