{
	"@metadata": {
		"authors": [
			"Andibecker"
		]
	},
	"ep_adminpads2_action": "การกระทำ",
	"ep_adminpads2_autoupdate-label": "อัปเดตอัตโนมัติเมื่อเปลี่ยนแผ่น",
	"ep_adminpads2_autoupdate.title": "เปิดหรือปิดการอัปเดตอัตโนมัติสำหรับคิวรีปัจจุบัน",
	"ep_adminpads2_confirm": "คุณต้องการลบแพด {{padID}} จริงหรือไม่",
	"ep_adminpads2_delete.value": "ลบ",
	"ep_adminpads2_last-edited": "แก้ไขล่าสุด",
	"ep_adminpads2_loading": "กำลังโหลด…",
	"ep_adminpads2_manage-pads": "จัดการแผ่นรอง",
	"ep_adminpads2_no-results": "ไม่มีผลลัพธ์",
	"ep_adminpads2_pad-user-count": "จำนวนผู้ใช้แพด",
	"ep_adminpads2_padname": "นามแฝง",
	"ep_adminpads2_search-box.placeholder": "คำที่ต้องการค้นหา",
	"ep_adminpads2_search-button.value": "ค้นหา",
	"ep_adminpads2_search-done": "ค้นหาเสร็จสมบูรณ์",
	"ep_adminpads2_search-error-explanation": "เซิร์ฟเวอร์พบข้อผิดพลาดขณะค้นหาแผ่นอิเล็กโทรด:",
	"ep_adminpads2_search-error-title": "ไม่สามารถรับรายการแผ่นรอง",
	"ep_adminpads2_search-heading": "ค้นหาแผ่นรอง",
	"ep_adminpads2_title": "การบริหารแผ่น",
	"ep_adminpads2_unknown-error": "ข้อผิดพลาดที่ไม่รู้จัก",
	"ep_adminpads2_unknown-status": "ไม่ทราบสถานะ"
}
